keyword,intent,cluster,target_url,content_type,priority,title_hint,h1_hint
cv optimizer,commercial,cv-optimizer,/cv-optimizer,landing,P1,CV Optimizer,CV Optimizer: Improve Your CV for ATS and Real Recruiters
resume optimizer,commercial,cv-optimizer,/cv-optimizer,landing,P1,Resume Optimizer,CV Optimizer for ATS and Real Recruiters
ats cv optimizer,commercial,cv-optimizer,/cv-optimizer,landing,P1,ATS CV Optimizer,CV Optimizer for ATS Job Applications
ai cv optimizer,commercial,home,/,landing,P1,CVboosta AI CV Optimizer,AI CV Optimizer for ATS
ats cv optimization tool,commercial,home,/,landing,P1,ATS CV Optimization Tool,CV Optimization Tool for ATS
optimize cv for ats online,commercial,home,/,landing,P1,Optimize CV for ATS Online,Optimize Your CV for ATS Online
cv keyword matching tool,commercial,home,/,landing,P1,CV Keyword Matching Tool,CV Keyword Match Against Job Description
resume ats checker ai,commercial,home,/,landing,P1,AI Resume ATS Checker,AI Resume Checker for ATS Filters
ai resume rewrite for job description,commercial,home,/,landing,P1,AI Resume Rewrite by Job Description,AI Resume Rewrite for Job Description
tailor cv to job posting ai,commercial,home,/,landing,P1,Tailor CV to Job Posting with AI,Tailor Your CV to a Job Posting
ats friendly cv builder ai,commercial,home,/,landing,P2,ATS Friendly CV Builder with AI,Build an ATS Friendly CV with AI
resume optimization platform,commercial,home,/,landing,P2,Resume Optimization Platform,Resume Optimization Platform for Job Seekers
best ai tool to optimize cv,commercial,home,/,landing,P2,Best AI Tool to Optimize CV,Best AI Tool for CV Optimization
cv match score checker,commercial,home,/,landing,P2,CV Match Score Checker,CV Match Score Checker
cv gap analysis against job description,commercial,home,/,landing,P2,CV Gap Analysis Tool,CV Gap Analysis Against Job Description
improve cv for recruiter screening,commercial,home,/,landing,P2,Improve CV for Recruiter Screening,Improve Your CV for Recruiter Screening
rewrite resume bullets with ai,commercial,home,/,landing,P2,Rewrite Resume Bullets with AI,Rewrite Resume Bullets with AI
ats resume optimizer for job applications,commercial,home,/,landing,P2,ATS Resume Optimizer for Applications,ATS Resume Optimizer for Job Applications
cv optimization software for professionals,commercial,home,/,landing,P3,CV Optimization Software,CV Optimization Software for Professionals
resume keyword optimizer ai,commercial,home,/,landing,P3,Resume Keyword Optimizer AI,Resume Keyword Optimizer with AI
improve resume alignment to job ad,commercial,home,/,landing,P3,Improve Resume Alignment to Job Ad,Improve Resume Alignment to Job Ad
online cv improvement tool,commercial,home,/,landing,P3,Online CV Improvement Tool,Online CV Improvement Tool
automated cv optimization with ats focus,commercial,home,/,landing,P3,Automated CV Optimization,Automated CV Optimization with ATS Focus
cv optimizer pricing,transactional,pricing,/pricing,landing,P1,CV Optimizer Pricing,CVboosta Pricing
ats resume checker pricing,transactional,pricing,/pricing,landing,P1,ATS Resume Checker Pricing,ATS Resume Checker Pricing Plans
resume optimization tool cost,transactional,pricing,/pricing,landing,P1,Resume Optimization Tool Cost,How Much Does Resume Optimization Cost
ai cv rewrite pricing,transactional,pricing,/pricing,landing,P1,AI CV Rewrite Pricing,AI CV Rewrite Pricing
resume optimizer subscription,transactional,pricing,/pricing,landing,P1,Resume Optimizer Subscription,Resume Optimizer Subscription Plans
cvboosta pricing,transactional,pricing,/pricing,landing,P1,CVboosta Pricing,CVboosta Plans and Pricing
best value ats cv tool,transactional,pricing,/pricing,landing,P2,Best Value ATS CV Tool,Best Value ATS CV Tool Plans
resume tool monthly plan,transactional,pricing,/pricing,landing,P2,Resume Tool Monthly Plan,Monthly Plans for Resume Optimization
resume tool weekly plan,transactional,pricing,/pricing,landing,P2,Resume Tool Weekly Plan,Weekly Plans for Resume Optimization
one time resume optimization,transactional,pricing,/pricing,landing,P2,One Time Resume Optimization,One Time Resume Optimization Plan
lifetime resume optimization plan,transactional,pricing,/pricing,landing,P2,Lifetime Resume Optimization Plan,Lifetime Plan for Resume Optimization
cheap ats resume optimizer,transactional,pricing,/pricing,landing,P2,Affordable ATS Resume Optimizer,Affordable ATS Resume Optimizer Plans
ai resume checker plans,transactional,pricing,/pricing,landing,P2,AI Resume Checker Plans,AI Resume Checker Plans
resume optimization service pricing comparison,commercial,pricing,/pricing,landing,P3,Resume Optimization Pricing Comparison,Compare Resume Optimization Service Pricing
cv tool free vs paid plans,commercial,pricing,/pricing,landing,P3,CV Tool Free vs Paid,CV Tool Free vs Paid Plans
how cvboosta works,informational,about,/about,landing,P1,How CVboosta Works,How CVboosta Works
is cvboosta legit,informational,about,/about,landing,P1,Is CVboosta Legit,Is CVboosta Legit for CV Optimization
cvboosta review platform overview,informational,about,/about,landing,P1,CVboosta Platform Overview,CVboosta Platform Overview
ai cv optimizer privacy and security,informational,about,/about,landing,P1,AI CV Optimizer Privacy and Security,Privacy and Security at CVboosta
who built cvboosta,informational,about,/about,landing,P2,Who Built CVboosta,Who Built CVboosta
cv optimization methodology,informational,about,/about,landing,P2,CV Optimization Methodology,CV Optimization Methodology
how cvboosta analyzes job descriptions,informational,about,/about,landing,P2,How CVboosta Analyzes Job Descriptions,How CVboosta Analyzes Job Descriptions
cvboosta mission,informational,about,/about,landing,P3,CVboosta Mission,CVboosta Mission
cvboosta data handling policy,informational,about,/about,landing,P3,CVboosta Data Handling Policy,How CVboosta Handles Data
cvboosta team and product vision,informational,about,/about,landing,P3,CVboosta Team and Product Vision,Our Team and Product Vision
how to tailor resume to job description,informational,blog,/blog/tailor-resume-to-job-description,blog,P1,How to Tailor Resume to Job Description,How to Tailor Your Resume to a Job Description
ats resume mistakes to avoid,informational,blog,/blog/ats-resume-mistakes,blog,P1,ATS Resume Mistakes to Avoid,Top ATS Resume Mistakes to Avoid
how to improve ats resume score,informational,blog,/blog/improve-ats-resume-score,blog,P1,How to Improve ATS Resume Score,How to Improve Your ATS Resume Score
best resume keywords by role,informational,blog,/blog/resume-keywords-by-role,blog,P1,Best Resume Keywords by Role,Best Resume Keywords by Role
resume summary examples for ats,informational,blog,/blog/resume-summary-examples-ats,blog,P1,Resume Summary Examples for ATS,Resume Summary Examples That Pass ATS
how to rewrite resume bullets with metrics,informational,blog,/blog/rewrite-resume-bullets-with-metrics,blog,P1,Rewrite Resume Bullets with Metrics,How to Rewrite Resume Bullets with Metrics
resume keywords for product manager,informational,blog,/blog/resume-keywords-product-manager,blog,P1,Resume Keywords for Product Manager,Resume Keywords for Product Manager
resume keywords for software engineer,informational,blog,/blog/resume-keywords-software-engineer,blog,P1,Resume Keywords for Software Engineer,Resume Keywords for Software Engineer
resume keywords for data analyst,informational,blog,/blog/resume-keywords-data-analyst,blog,P1,Resume Keywords for Data Analyst,Resume Keywords for Data Analyst
resume keywords for marketing manager,informational,blog,/blog/resume-keywords-marketing-manager,blog,P1,Resume Keywords for Marketing Manager,Resume Keywords for Marketing Manager
resume keywords for ux designer,informational,blog,/blog/resume-keywords-ux-designer,blog,P1,Resume Keywords for UX Designer,Resume Keywords for UX Designer
resume keywords for project manager,informational,blog,/blog/resume-keywords-project-manager,blog,P1,Resume Keywords for Project Manager,Resume Keywords for Project Manager
resume keywords for business analyst,informational,blog,/blog/resume-keywords-business-analyst,blog,P1,Resume Keywords for Business Analyst,Resume Keywords for Business Analyst
resume keywords for customer success manager,informational,blog,/blog/resume-keywords-customer-success-manager,blog,P2,Resume Keywords for Customer Success Manager,Resume Keywords for Customer Success Manager
resume keywords for sales manager,informational,blog,/blog/resume-keywords-sales-manager,blog,P2,Resume Keywords for Sales Manager,Resume Keywords for Sales Manager
resume keywords for hr manager,informational,blog,/blog/resume-keywords-hr-manager,blog,P2,Resume Keywords for HR Manager,Resume Keywords for HR Manager
resume keywords for qa engineer,informational,blog,/blog/resume-keywords-qa-engineer,blog,P2,Resume Keywords for QA Engineer,Resume Keywords for QA Engineer
resume keywords for devops engineer,informational,blog,/blog/resume-keywords-devops-engineer,blog,P2,Resume Keywords for DevOps Engineer,Resume Keywords for DevOps Engineer
resume keywords for finance analyst,informational,blog,/blog/resume-keywords-finance-analyst,blog,P2,Resume Keywords for Finance Analyst,Resume Keywords for Finance Analyst
resume keywords for operations manager,informational,blog,/blog/resume-keywords-operations-manager,blog,P2,Resume Keywords for Operations Manager,Resume Keywords for Operations Manager
ats resume template for product manager,informational,blog,/blog/ats-resume-template-product-manager,blog,P2,ATS Resume Template for Product Manager,ATS Resume Template for Product Manager
ats resume template for software engineer,informational,blog,/blog/ats-resume-template-software-engineer,blog,P2,ATS Resume Template for Software Engineer,ATS Resume Template for Software Engineer
ats resume template for data analyst,informational,blog,/blog/ats-resume-template-data-analyst,blog,P2,ATS Resume Template for Data Analyst,ATS Resume Template for Data Analyst
ats resume template for marketing manager,informational,blog,/blog/ats-resume-template-marketing-manager,blog,P2,ATS Resume Template for Marketing Manager,ATS Resume Template for Marketing Manager
ats resume template for ux designer,informational,blog,/blog/ats-resume-template-ux-designer,blog,P2,ATS Resume Template for UX Designer,ATS Resume Template for UX Designer
how many keywords should a resume have,informational,blog,/blog/how-many-keywords-in-resume,blog,P2,How Many Keywords Should a Resume Have,How Many Keywords Should a Resume Have
where to put keywords in resume,informational,blog,/blog/where-to-put-keywords-in-resume,blog,P2,Where to Put Keywords in Resume,Where to Put Keywords in a Resume
what is ats friendly resume format,informational,blog,/blog/ats-friendly-resume-format,blog,P2,What Is ATS Friendly Resume Format,What Is an ATS Friendly Resume Format
pdf or docx for ats resume,informational,blog,/blog/pdf-or-docx-for-ats,blog,P2,PDF or DOCX for ATS Resume,PDF or DOCX for ATS Resume
best resume font for ats,informational,blog,/blog/best-resume-font-for-ats,blog,P2,Best Resume Font for ATS,Best Resume Font for ATS
can ats read tables in resume,informational,blog,/blog/can-ats-read-tables,blog,P2,Can ATS Read Tables in Resume,Can ATS Read Tables in a Resume
can ats read columns in resume,informational,blog,/blog/can-ats-read-columns,blog,P2,Can ATS Read Columns in Resume,Can ATS Read Columns in a Resume
how to beat ats without keyword stuffing,informational,blog,/blog/beat-ats-without-keyword-stuffing,blog,P2,Beat ATS Without Keyword Stuffing,How to Beat ATS Without Keyword Stuffing
resume achievements examples with numbers,informational,blog,/blog/resume-achievements-with-numbers,blog,P2,Resume Achievements Examples with Numbers,Resume Achievements with Numbers
how to quantify impact on resume,informational,blog,/blog/quantify-impact-on-resume,blog,P2,How to Quantify Impact on Resume,How to Quantify Impact on Your Resume
resume bullet examples for leadership roles,informational,blog,/blog/resume-bullets-leadership-roles,blog,P3,Resume Bullet Examples for Leadership Roles,Resume Bullet Examples for Leadership Roles
resume bullet examples for entry level jobs,informational,blog,/blog/resume-bullets-entry-level,blog,P3,Resume Bullet Examples for Entry Level Jobs,Resume Bullet Examples for Entry Level Jobs
resume bullet examples for career changers,informational,blog,/blog/resume-bullets-career-changers,blog,P3,Resume Bullet Examples for Career Changers,Resume Bullet Examples for Career Changers
resume keywords for career switch,informational,blog,/blog/resume-keywords-career-switch,blog,P3,Resume Keywords for Career Switch,Resume Keywords for Career Switch
how to tailor resume for remote jobs,informational,blog,/blog/tailor-resume-for-remote-jobs,blog,P3,How to Tailor Resume for Remote Jobs,How to Tailor Resume for Remote Jobs
how to tailor resume for startup jobs,informational,blog,/blog/tailor-resume-for-startup-jobs,blog,P3,How to Tailor Resume for Startup Jobs,How to Tailor Resume for Startup Jobs
how to tailor resume for enterprise jobs,informational,blog,/blog/tailor-resume-for-enterprise-jobs,blog,P3,How to Tailor Resume for Enterprise Jobs,How to Tailor Resume for Enterprise Jobs
resume optimization checklist,informational,blog,/blog/resume-optimization-checklist,blog,P3,Resume Optimization Checklist,Resume Optimization Checklist
resume audit checklist for ats,informational,blog,/blog/resume-audit-checklist-ats,blog,P3,Resume Audit Checklist for ATS,Resume Audit Checklist for ATS
cv optimization checklist before applying,informational,blog,/blog/cv-optimization-checklist-before-applying,blog,P3,CV Optimization Checklist Before Applying,CV Optimization Checklist Before Applying
how to write ats friendly resume summary,informational,blog,/blog/write-ats-friendly-resume-summary,blog,P3,How to Write ATS Friendly Resume Summary,How to Write an ATS Friendly Resume Summary
how to write resume headline for ats,informational,blog,/blog/resume-headline-for-ats,blog,P3,How to Write Resume Headline for ATS,How to Write a Resume Headline for ATS
should you include soft skills in resume for ats,informational,blog,/blog/soft-skills-in-resume-for-ats,blog,P3,Include Soft Skills in Resume for ATS,Should You Include Soft Skills in Resume for ATS
how to pass ats for product manager roles,informational,blog,/blog/pass-ats-product-manager,blog,P3,How to Pass ATS for Product Manager Roles,How to Pass ATS for Product Manager Roles
how to pass ats for software engineer roles,informational,blog,/blog/pass-ats-software-engineer,blog,P3,How to Pass ATS for Software Engineer Roles,How to Pass ATS for Software Engineer Roles
how to pass ats for marketing roles,informational,blog,/blog/pass-ats-marketing-roles,blog,P3,How to Pass ATS for Marketing Roles,How to Pass ATS for Marketing Roles
best resume format for career gaps,informational,blog,/blog/resume-format-for-career-gaps,blog,P3,Best Resume Format for Career Gaps,Best Resume Format for Career Gaps
how to explain employment gaps in resume,informational,blog,/blog/explain-employment-gaps-in-resume,blog,P3,How to Explain Employment Gaps in Resume,How to Explain Employment Gaps in Resume
resume format for fresh graduates ats,informational,blog,/blog/resume-format-fresh-graduates-ats,blog,P3,Resume Format for Fresh Graduates ATS,Resume Format for Fresh Graduates ATS
resume format for senior professionals ats,informational,blog,/blog/resume-format-senior-professionals-ats,blog,P3,Resume Format for Senior Professionals ATS,Resume Format for Senior Professionals ATS
cover letter keywords from job description,informational,blog,/blog/cover-letter-keywords-from-job-description,blog,P3,Cover Letter Keywords from Job Description,Cover Letter Keywords from Job Description
interview questions from resume gaps,informational,blog,/blog/interview-questions-from-resume-gaps,blog,P3,Interview Questions from Resume Gaps,Interview Questions from Resume Gaps
cvboosta vs resumeworded,commercial,blog,/blog/cvboosta-vs-resumeworded,blog,P2,CVboosta vs Resumeworded,CVboosta vs Resumeworded
cvboosta vs kickresume,commercial,blog,/blog/cvboosta-vs-kickresume,blog,P2,CVboosta vs Kickresume,CVboosta vs Kickresume
cvboosta vs rezi,commercial,blog,/blog/cvboosta-vs-rezi,blog,P2,CVboosta vs Rezi,CVboosta vs Rezi
best ats resume checker tools,commercial,blog,/blog/best-ats-resume-checker-tools,blog,P2,Best ATS Resume Checker Tools,Best ATS Resume Checker Tools
best ai resume optimization tools,commercial,blog,/blog/best-ai-resume-optimization-tools,blog,P2,Best AI Resume Optimization Tools,Best AI Resume Optimization Tools
is ai resume optimizer worth it,commercial,blog,/blog/is-ai-resume-optimizer-worth-it,blog,P2,Is AI Resume Optimizer Worth It,Is AI Resume Optimizer Worth It
resume optimization service alternatives,commercial,blog,/blog/resume-optimization-service-alternatives,blog,P2,Resume Optimization Service Alternatives,Resume Optimization Service Alternatives
